<profile version="1.0">
  <option name="myName" value="Default" />
  <inspection_tool class="SerializableHasSerialVersionUIDField" enabled="true" level="WARNING" enabled_by_default="true">
    <option name="ignoreAnonymousInnerClasses" value="false" />
    <option name="superClassString" value="java.awt.Component" />
  </inspection_tool>
  <inspection_tool class="unused" enabled="false" level="WARNING" enabled_by_default="false">
    <option name="LOCAL_VARIABLE" value="true" />
    <option name="FIELD" value="true" />
    <option name="METHOD" value="true" />
    <option name="CLASS" value="true" />
    <option name="PARAMETER" value="true" />
    <option name="REPORT_PARAMETER_FOR_PUBLIC_METHODS" value="true" />
    <option name="ADD_MAINS_TO_ENTRIES" value="true" />
    <option name="ADD_APPLET_TO_ENTRIES" value="true" />
    <option name="ADD_SERVLET_TO_ENTRIES" value="true" />
    <option name="ADD_NONJAVA_TO_ENTRIES" value="true" />
  </inspection_tool>
</profile>